"","school","sex","age","address","famsize","Pstatus","Medu","Fedu","Mjob","Fjob","reason","guardian","traveltime","studytime","failures","schoolsup","famsup","paid","activities","nursery","higher","internet","romantic","famrel","freetime","goout","Dalc","Walc","health","absences","G1","G2","G3"
"1","GP","F",18,"U","GT3","A",4,4,"at_home","teacher","course","mother",2,54,0,"yes","no","no","no","yes","yes","no","no",4,28,4,1,1,3,6,5,6,6
"2","GP","F",17,"U","GT3","T",1,1,"at_home","other","course","father",69,30,0,"no","yes","no","no","no","yes","yes","no",5,84,3,1,1,3,4,5,5,6
"3","GP","F",15,"U","LE3","T",1,1,"at_home","other","other","mother",54,71,3,"yes","no","yes","no","yes","yes","yes","no",4,80,2,2,3,3,10,7,8,10
"4","GP","F",15,"U","GT3","T",4,2,"health","services","home","mother",17,81,0,"no","yes","yes","yes","yes","yes","yes","yes",3,75,2,1,1,5,2,15,14,15
"5","GP","F",16,"U","GT3","T",3,3,"other","other","home","father",9,93,0,"no","yes","yes","no","yes","yes","no","no",4,98,2,1,2,5,4,6,10,10
"6","GP","M",16,"U","LE3","T",4,3,"services","other","reputation","mother",92,63,0,"no","yes","yes","yes","yes","yes","yes","no",5,94,2,1,2,5,10,15,15,15
"7","GP","M",16,"U","LE3","T",2,2,"other","other","home","mother",46,54,0,"no","no","no","no","yes","yes","yes","no",4,82,4,1,1,3,0,12,12,11
"8","GP","F",17,"U","GT3","A",4,4,"other","teacher","home","mother",77,51,0,"yes","yes","no","no","yes","yes","no","no",4,76,4,1,1,1,6,6,5,6
"9","GP","M",15,"U","LE3","A",3,2,"services","other","home","mother",12,68,0,"no","yes","yes","no","yes","yes","yes","no",4,35,2,1,1,1,0,16,18,19
"10","GP","M",15,"U","GT3","T",3,4,"other","other","home","mother",84,48,0,"no","yes","yes","yes","yes","yes","yes","no",5,66,1,1,1,5,0,14,15,15
"11","GP","F",15,"U","GT3","T",4,4,"teacher","health","reputation","mother",51,57,0,"no","yes","yes","no","yes","yes","yes","no",3,47,3,1,2,2,0,10,8,9
"12","GP","F",15,"U","GT3","T",2,1,"services","other","reputation","father",40,35,0,"no","yes","no","yes","yes","yes","yes","no",5,22,2,1,1,4,4,10,12,12
"13","GP","M",15,"U","LE3","T",4,4,"health","services","course","father",27,73,0,"no","yes","yes","yes","yes","yes","yes","no",4,61,3,1,3,5,2,14,14,14
"14","GP","M",15,"U","GT3","T",4,3,"teacher","other","course","mother",40,45,0,"no","yes","yes","no","yes","yes","yes","no",5,16,3,1,2,3,2,10,10,11
"15","GP","M",15,"U","GT3","A",2,2,"other","other","home","other",39,55,0,"no","yes","no","no","yes","yes","yes","yes",4,49,2,1,1,3,0,14,16,16
"16","GP","F",16,"U","GT3","T",4,4,"health","other","home","mother",33,50,0,"no","yes","no","no","yes","yes","yes","no",4,3,4,1,2,2,4,14,14,14
"17","GP","F",16,"U","GT3","T",4,4,"services","services","reputation","mother",72,88,0,"no","yes","yes","yes","yes","yes","yes","no",3,99,3,1,2,2,6,13,14,14
"18","GP","F",16,"U","GT3","T",3,3,"other","other","reputation","mother",42,52,0,"yes","yes","no","yes","yes","yes","no","no",5,1,2,1,1,4,4,8,10,10
"19","GP","M",17,"U","GT3","T",3,2,"services","services","course","mother",27,2,3,"no","yes","no","yes","yes","yes","yes","no",5,71,5,2,4,5,16,6,5,5
"20","GP","M",16,"U","LE3","T",4,3,"health","other","home","father",48,14,0,"no","no","yes","yes","yes","yes","yes","no",3,46,3,1,3,5,4,8,10,10
"21","GP","M",15,"U","GT3","T",4,3,"teacher","other","reputation","mother",27,47,0,"no","no","no","no","yes","yes","yes","no",4,51,1,1,1,1,0,13,14,15
"22","GP","M",15,"U","GT3","T",4,4,"health","health","other","father",12,36,0,"no","yes","yes","no","yes","yes","yes","no",5,34,2,1,1,5,0,12,15,15
"23","GP","M",16,"U","LE3","T",4,2,"teacher","other","course","mother",72,69,0,"no","no","no","yes","yes","yes","yes","no",4,59,1,1,3,5,2,15,15,16
"24","GP","M",16,"U","LE3","T",2,2,"other","other","reputation","mother",89,49,0,"no","yes","no","yes","yes","yes","yes","no",5,74,4,2,4,5,0,13,13,12
"25","GP","F",15,"R","GT3","T",2,4,"services","health","course","mother",99,43,0,"yes","yes","yes","yes","yes","yes","yes","no",4,64,2,1,1,5,2,10,9,8
"26","GP","F",16,"U","GT3","T",2,2,"services","services","home","mother",22,21,2,"no","yes","yes","no","no","yes","yes","no",1,7,2,1,3,5,14,6,9,8
"27","GP","M",15,"U","GT3","T",2,2,"other","other","home","mother",12,31,0,"no","yes","yes","no","yes","yes","yes","no",4,22,2,1,2,5,2,12,12,11
"28","GP","M",15,"U","GT3","T",4,2,"health","services","other","mother",49,48,0,"no","no","yes","no","yes","yes","yes","no",2,93,4,2,4,1,4,15,16,15
"29","GP","M",16,"U","LE3","A",3,4,"services","other","home","mother",21,92,0,"yes","yes","no","yes","yes","yes","yes","no",5,37,3,1,1,5,4,11,11,11
"30","GP","M",16,"U","GT3","T",4,4,"teacher","teacher","home","mother",74,14,0,"no","yes","yes","yes","yes","yes","yes","yes",4,45,5,5,5,5,16,10,12,11
"31","GP","M",15,"U","GT3","T",4,4,"health","services","home","mother",69,18,0,"no","yes","yes","no","no","yes","yes","no",5,63,2,3,4,5,0,9,11,12
"32","GP","M",15,"U","GT3","T",4,4,"services","services","reputation","mother",3,74,0,"no","yes","no","yes","yes","yes","yes","no",4,5,1,1,1,5,0,17,16,17
"33","GP","M",15,"R","GT3","T",4,3,"teacher","at_home","course","mother",87,36,0,"no","yes","no","yes","yes","yes","yes","yes",4,96,2,1,1,5,0,17,16,16
"34","GP","M",15,"U","LE3","T",3,3,"other","other","course","mother",97,70,0,"no","no","no","yes","no","yes","yes","no",5,31,2,1,1,2,0,8,10,12
"35","GP","M",16,"U","GT3","T",3,2,"other","other","home","mother",99,3,0,"no","yes","yes","no","no","yes","yes","no",5,17,3,1,1,5,0,12,14,15
"36","GP","F",15,"U","GT3","T",2,3,"other","other","other","father",63,80,0,"no","yes","no","yes","yes","yes","no","no",3,90,1,1,1,5,0,8,7,6
"37","GP","M",15,"U","LE3","T",4,3,"teacher","services","home","mother",49,70,0,"no","yes","no","yes","yes","yes","yes","no",5,5,3,1,1,4,2,15,16,18
"38","GP","M",16,"R","GT3","A",4,4,"other","teacher","reputation","mother",63,50,0,"no","yes","no","yes","yes","yes","yes","yes",2,17,3,1,1,5,7,15,16,15
"39","GP","F",15,"R","GT3","T",3,4,"services","health","course","mother",8,67,0,"yes","yes","yes","yes","yes","yes","yes","no",4,17,2,1,1,5,2,12,12,11
"40","GP","F",15,"R","GT3","T",2,2,"at_home","other","reputation","mother",13,70,0,"yes","yes","yes","yes","yes","yes","no","no",4,26,1,1,1,2,8,14,13,13
"41","GP","F",16,"U","LE3","T",2,2,"other","other","home","mother",53,96,1,"no","yes","no","yes","no","yes","yes","yes",3,68,3,1,2,3,25,7,10,11
"42","GP","M",15,"U","LE3","T",4,4,"teacher","other","home","other",84,86,0,"no","yes","no","no","no","yes","yes","yes",5,74,3,2,4,5,8,12,12,12
"43","GP","M",15,"U","GT3","T",4,4,"services","teacher","course","father",31,79,0,"no","yes","no","yes","yes","yes","yes","no",4,16,3,1,1,5,2,19,18,18
"44","GP","M",15,"U","GT3","T",2,2,"services","services","course","father",51,67,0,"yes","yes","no","no","yes","yes","yes","no",5,87,1,1,1,1,0,8,8,11
"45","GP","F",16,"U","LE3","T",2,2,"other","at_home","course","father",38,59,1,"yes","no","no","yes","yes","yes","yes","no",4,15,3,2,2,5,14,10,10,9
"46","GP","F",15,"U","LE3","A",4,3,"other","other","course","mother",66,30,0,"yes","yes","yes","yes","yes","yes","yes","yes",5,78,2,1,1,5,8,8,8,6
"47","GP","F",16,"U","LE3","A",3,3,"other","services","home","mother",75,34,0,"no","yes","no","no","yes","yes","yes","no",2,6,5,1,4,3,12,11,12,11
"48","GP","M",16,"U","GT3","T",4,3,"health","services","reputation","mother",95,47,0,"no","no","no","yes","yes","yes","yes","no",4,29,2,1,1,2,4,19,19,20
"49","GP","M",15,"U","GT3","T",4,2,"teacher","other","home","mother",35,83,0,"no","yes","yes","no","yes","yes","no","no",4,100,3,2,2,5,2,15,15,14
"50","GP","F",15,"U","GT3","T",4,4,"services","teacher","other","father",15,65,1,"yes","yes","no","yes","no","yes","yes","no",4,95,4,1,1,3,2,7,7,7
"51","GP","F",16,"U","LE3","T",2,2,"services","services","course","mother",14,17,0,"no","yes","yes","no","yes","yes","yes","no",4,40,3,2,3,4,2,12,13,13
"52","GP","F",15,"U","LE3","T",4,2,"health","other","other","mother",29,42,0,"no","yes","yes","no","yes","yes","yes","no",4,49,3,1,1,5,2,11,13,13
"53","GP","M",15,"U","LE3","A",4,2,"health","health","other","father",64,18,1,"no","no","no","no","yes","yes","no","no",5,22,5,3,4,5,6,11,11,10
"54","GP","F",15,"U","GT3","T",4,4,"services","services","course","mother",35,55,0,"yes","yes","yes","no","yes","yes","yes","no",3,19,4,2,3,5,0,8,10,11
"55","GP","F",15,"U","LE3","A",3,3,"other","other","other","mother",43,74,0,"no","no","yes","no","yes","yes","yes","no",5,29,4,4,4,1,6,10,13,13
"56","GP","F",16,"U","GT3","A",2,1,"other","other","other","mother",77,72,0,"no","no","yes","yes","yes","yes","yes","yes",5,58,4,1,1,2,8,8,9,10
"57","GP","F",15,"U","GT3","A",4,3,"services","services","reputation","mother",33,43,0,"no","yes","yes","yes","yes","yes","yes","no",4,61,2,1,1,1,0,14,15,15
"58","GP","M",15,"U","GT3","T",4,4,"teacher","health","reputation","mother",48,94,0,"no","yes","no","yes","yes","yes","no","no",3,30,2,1,1,5,4,14,15,15
"59","GP","M",15,"U","LE3","T",1,2,"other","at_home","home","father",58,56,0,"yes","yes","no","yes","yes","yes","yes","no",4,94,2,1,1,5,2,9,10,9
"60","GP","F",16,"U","GT3","T",4,2,"services","other","course","mother",66,25,0,"no","yes","no","no","yes","yes","yes","no",4,90,3,1,1,5,2,15,16,16
"61","GP","F",16,"R","GT3","T",4,4,"health","teacher","other","mother",94,14,0,"no","yes","no","yes","yes","yes","no","no",2,46,4,2,3,4,6,10,11,11
"62","GP","F",16,"U","GT3","T",1,1,"services","services","course","father",12,19,0,"yes","yes","no","yes","no","yes","yes","yes",5,29,5,5,5,5,6,10,8,11
"63","GP","F",16,"U","LE3","T",1,2,"other","services","reputation","father",54,63,0,"yes","no","no","yes","yes","yes","yes","no",4,2,3,1,1,1,4,8,10,9
"64","GP","F",16,"U","GT3","T",4,3,"teacher","health","home","mother",100,98,0,"yes","yes","yes","yes","yes","yes","yes","no",3,95,4,2,4,4,2,10,9,9
"65","GP","F",15,"U","LE3","T",4,3,"services","services","reputation","father",53,21,0,"yes","no","no","yes","yes","yes","yes","yes",4,20,4,2,4,2,0,10,10,10
"66","GP","F",16,"U","LE3","T",4,3,"teacher","services","course","mother",11,43,0,"no","yes","no","yes","yes","yes","yes","no",5,76,3,1,2,1,2,16,15,15
"67","GP","M",15,"U","GT3","A",4,4,"other","services","reputation","mother",90,79,0,"no","yes","no","yes","no","yes","yes","yes",1,50,3,5,5,3,4,13,13,12
"68","GP","F",16,"U","GT3","T",3,1,"services","other","course","mother",31,63,0,"yes","yes","yes","no","yes","yes","yes","no",4,60,3,1,2,5,4,7,7,6
"69","GP","F",15,"R","LE3","T",2,2,"health","services","reputation","mother",2,100,0,"yes","yes","yes","no","yes","yes","yes","no",4,79,3,1,3,4,2,8,9,8
"70","GP","F",15,"R","LE3","T",3,1,"other","other","reputation","father",62,19,0,"no","yes","no","no","no","yes","yes","no",4,53,2,2,3,3,12,16,16,16
"71","GP","M",16,"U","GT3","T",3,1,"other","other","reputation","father",62,49,0,"no","yes","yes","no","yes","yes","yes","no",4,35,2,1,1,5,0,13,15,15
"72","GP","M",15,"U","GT3","T",4,2,"other","other","course","mother",82,47,0,"no","no","no","no","yes","yes","yes","no",3,60,3,1,1,3,0,10,10,10
"73","GP","F",15,"R","GT3","T",1,1,"other","other","reputation","mother",97,12,2,"yes","yes","no","no","no","yes","yes","yes",3,97,4,2,4,5,2,8,6,5
"74","GP","M",16,"U","GT3","T",3,1,"other","other","reputation","mother",83,45,0,"no","no","no","yes","yes","yes","no","no",5,77,2,2,2,5,2,12,12,14
"75","GP","F",16,"U","GT3","T",3,3,"other","services","home","mother",32,8,0,"yes","yes","yes","yes","yes","yes","yes","no",4,12,3,2,4,5,54,11,12,11
"76","GP","M",15,"U","GT3","T",4,3,"teacher","other","home","mother",36,93,0,"no","yes","yes","yes","yes","yes","yes","no",4,17,3,2,3,5,6,9,9,10
"77","GP","M",15,"U","GT3","T",4,0,"teacher","other","course","mother",29,96,0,"no","no","no","yes","yes","yes","yes","no",3,24,3,1,1,1,8,11,11,10
"78","GP","F",16,"U","GT3","T",2,2,"other","other","reputation","mother",43,92,0,"no","no","yes","no","yes","yes","yes","yes",5,21,3,1,3,3,0,11,11,11
"79","GP","M",17,"U","GT3","T",2,1,"other","other","home","mother",24,80,3,"yes","yes","no","yes","yes","no","yes","no",4,52,1,1,1,3,2,8,8,10
"80","GP","F",16,"U","GT3","T",3,4,"at_home","other","course","mother",34,2,0,"no","yes","no","no","yes","yes","yes","no",2,8,3,1,2,3,12,5,5,5
"81","GP","M",15,"U","GT3","T",2,3,"other","services","course","father",90,4,0,"yes","yes","yes","yes","no","yes","yes","yes",3,67,2,1,3,3,2,10,12,12
"82","GP","M",15,"U","GT3","T",2,3,"other","other","home","mother",44,98,0,"yes","no","yes","no","no","yes","yes","no",5,14,2,1,2,5,4,11,10,11
"83","GP","F",15,"U","LE3","T",3,2,"services","other","reputation","mother",14,91,0,"no","yes","yes","no","yes","yes","yes","no",4,86,4,1,1,5,10,7,6,6
"84","GP","M",15,"U","LE3","T",2,2,"services","services","home","mother",83,55,0,"no","no","yes","yes","yes","yes","yes","no",5,92,3,1,3,4,4,15,15,15
"85","GP","F",15,"U","GT3","T",1,1,"other","other","home","father",34,24,0,"no","yes","no","yes","no","yes","yes","no",4,42,2,2,3,4,2,9,10,10
"86","GP","F",15,"U","GT3","T",4,4,"services","services","reputation","father",53,78,2,"no","no","yes","no","yes","yes","yes","yes",4,51,4,2,3,5,6,7,9,8
"87","GP","F",16,"U","LE3","T",2,2,"at_home","other","course","mother",92,62,0,"no","yes","no","no","yes","yes","no","no",4,65,4,1,2,2,4,8,7,6
"88","GP","F",15,"U","GT3","T",4,2,"other","other","reputation","mother",44,67,0,"no","yes","no","yes","yes","yes","yes","no",5,54,3,1,3,1,4,13,14,14
"89","GP","M",16,"U","GT3","T",2,2,"services","other","reputation","father",76,26,1,"no","no","yes","yes","no","yes","yes","no",4,100,2,1,1,3,12,11,10,10
"90","GP","M",16,"U","LE3","A",4,4,"teacher","health","reputation","mother",28,13,0,"no","yes","no","no","yes","yes","no","no",4,37,3,3,5,5,18,8,6,7
"91","GP","F",16,"U","GT3","T",3,3,"other","other","home","mother",74,94,0,"no","yes","yes","no","yes","yes","yes","yes",4,21,3,1,3,4,0,7,7,8
"92","GP","F",15,"U","GT3","T",4,3,"services","other","reputation","mother",97,78,0,"no","no","yes","yes","yes","yes","yes","no",4,66,5,1,3,1,4,16,17,18
"93","GP","F",16,"U","LE3","T",3,1,"other","other","home","father",68,29,0,"yes","yes","no","no","yes","yes","no","no",3,87,3,2,3,2,4,7,6,6
"94","GP","F",16,"U","GT3","T",4,2,"teacher","services","home","mother",23,11,0,"no","yes","yes","yes","yes","yes","yes","no",5,17,3,1,1,1,0,11,10,10
"95","GP","M",15,"U","LE3","T",2,2,"services","health","reputation","mother",50,77,0,"no","yes","no","yes","yes","yes","yes","no",4,7,4,1,1,4,6,11,13,14
"96","GP","F",15,"R","GT3","T",1,1,"at_home","other","home","mother",2,1,1,"yes","yes","yes","yes","yes","yes","yes","no",3,47,2,1,1,1,2,7,10,10
"97","GP","M",16,"R","GT3","T",4,3,"services","other","reputation","mother",93,10,0,"yes","yes","no","yes","no","yes","yes","no",3,8,3,1,1,4,2,11,15,15
"98","GP","F",16,"U","GT3","T",2,1,"other","other","course","mother",58,84,0,"no","yes","yes","no","yes","yes","no","yes",4,17,5,1,1,5,2,8,9,10
"99","GP","F",16,"U","GT3","T",4,4,"other","other","reputation","mother",6,86,0,"no","no","no","yes","no","yes","yes","no",5,14,4,1,2,1,6,11,14,14
"100","GP","F",16,"U","GT3","T",4,3,"other","at_home","course","mother",54,98,0,"yes","yes","yes","no","yes","yes","yes","no",5,77,5,1,1,3,0,7,9,8
"101","GP","M",16,"U","GT3","T",4,4,"services","services","other","mother",96,39,0,"yes","yes","yes","yes","yes","yes","yes","no",4,92,5,5,5,4,14,7,7,5
"102","GP","M",16,"U","GT3","T",4,4,"services","teacher","other","father",3,14,0,"no","yes","no","yes","yes","yes","yes","yes",4,92,3,1,1,4,0,16,17,17
"103","GP","M",15,"U","GT3","T",4,4,"services","other","course","mother",75,97,0,"no","yes","no","yes","no","yes","yes","no",5,37,3,1,1,5,4,10,13,14
"104","GP","F",15,"U","GT3","T",3,2,"services","other","home","mother",29,27,0,"yes","yes","yes","no","yes","yes","yes","no",4,43,5,1,1,2,26,7,6,6
"105","GP","M",15,"U","GT3","A",3,4,"services","other","course","mother",100,17,0,"no","yes","yes","yes","yes","yes","yes","no",5,79,4,1,1,1,0,16,18,18
"106","GP","F",15,"U","GT3","A",3,3,"other","health","reputation","father",90,29,0,"yes","no","no","no","yes","yes","no","no",4,46,3,1,1,4,10,10,11,11
"107","GP","F",15,"U","GT3","T",2,2,"other","other","course","mother",2,31,0,"yes","yes","yes","no","yes","yes","yes","no",5,13,2,1,1,3,8,7,8,8
"108","GP","M",16,"U","GT3","T",3,3,"services","other","home","father",57,51,0,"no","yes","no","yes","yes","yes","yes","no",5,32,3,1,1,5,2,16,18,18
"109","GP","M",15,"R","GT3","T",4,4,"other","other","home","father",53,18,0,"no","yes","yes","yes","yes","yes","yes","yes",1,38,5,3,5,1,6,10,13,13
"110","GP","F",16,"U","LE3","T",4,4,"health","health","other","mother",49,5,0,"no","yes","yes","yes","yes","yes","yes","yes",5,20,5,1,1,4,4,14,15,16
"111","GP","M",15,"U","LE3","A",4,4,"teacher","teacher","course","mother",7,88,0,"no","no","no","yes","yes","yes","yes","no",5,94,3,1,1,4,6,18,19,19
"112","GP","F",16,"R","GT3","T",3,3,"services","other","reputation","father",97,42,1,"yes","yes","no","yes","yes","yes","yes","no",4,92,2,1,1,2,0,7,10,10
"113","GP","F",16,"U","GT3","T",2,2,"at_home","other","home","mother",90,18,1,"yes","no","no","yes","yes","yes","yes","no",3,1,2,1,1,5,6,10,13,13
"114","GP","M",15,"U","LE3","T",4,2,"teacher","other","course","mother",69,50,0,"no","no","no","no","yes","yes","yes","no",3,24,2,1,1,3,10,18,19,19
"115","GP","M",15,"R","GT3","T",2,1,"health","services","reputation","mother",94,54,0,"no","no","no","yes","yes","yes","yes","yes",5,57,2,1,1,5,8,9,9,9
"116","GP","M",16,"U","GT3","T",4,4,"teacher","teacher","course","father",41,33,0,"no","yes","no","yes","yes","yes","yes","no",5,28,4,1,2,5,2,15,15,16
"117","GP","M",15,"U","GT3","T",4,4,"other","teacher","reputation","father",47,26,0,"no","yes","no","yes","yes","yes","no","no",4,86,3,1,1,2,2,11,13,14
"118","GP","M",16,"U","GT3","T",3,3,"other","services","home","father",7,48,0,"no","no","no","yes","yes","yes","yes","no",5,89,2,1,1,5,0,13,14,13
"119","GP","M",17,"R","GT3","T",1,3,"other","other","course","father",1,32,1,"no","yes","no","yes","yes","yes","yes","no",5,12,4,1,4,5,20,9,7,8
"120","GP","M",15,"U","GT3","T",3,4,"other","other","reputation","father",10,71,0,"no","no","no","no","yes","yes","yes","no",3,39,3,1,2,4,6,14,13,13
"121","GP","F",15,"U","GT3","T",1,2,"at_home","services","course","mother",5,1,0,"no","no","no","no","no","yes","yes","no",3,69,3,1,2,1,2,16,15,15
"122","GP","M",15,"U","GT3","T",2,2,"services","services","home","father",32,35,0,"no","yes","yes","yes","yes","yes","yes","no",5,92,4,1,2,5,6,16,14,15
"123","GP","F",16,"U","LE3","T",2,4,"other","health","course","father",83,89,0,"no","yes","yes","yes","yes","yes","yes","yes",4,29,2,1,2,5,2,13,13,13
"124","GP","M",16,"U","GT3","T",4,4,"health","other","course","mother",13,29,0,"no","yes","no","yes","yes","yes","yes","no",3,91,4,1,4,5,18,14,11,13
"125","GP","F",16,"U","GT3","T",2,2,"other","other","home","mother",22,43,0,"no","no","yes","no","yes","yes","yes","yes",5,97,4,1,1,5,0,8,7,8
"126","GP","M",15,"U","GT3","T",3,4,"services","services","home","father",55,42,0,"yes","no","no","no","yes","yes","yes","no",5,82,5,3,2,5,0,13,13,12
"127","GP","F",15,"U","LE3","A",3,4,"other","other","home","mother",81,89,0,"yes","no","no","yes","yes","yes","yes","yes",5,67,2,1,1,1,0,7,10,11
"128","GP","F",19,"U","GT3","T",0,1,"at_home","other","course","other",35,94,3,"no","yes","no","no","no","no","no","no",3,62,2,1,1,5,2,7,8,9
"129","GP","M",18,"R","GT3","T",2,2,"services","other","reputation","mother",48,57,2,"no","yes","no","yes","yes","yes","yes","no",3,2,3,1,2,4,0,7,4,0
"130","GP","M",16,"R","GT3","T",4,4,"teacher","teacher","course","mother",14,5,0,"no","no","yes","yes","yes","yes","yes","no",3,29,5,2,5,4,8,18,18,18
"131","GP","F",15,"R","GT3","T",3,4,"services","teacher","course","father",90,63,2,"no","yes","no","no","yes","yes","yes","yes",4,20,2,2,2,5,0,12,0,0
"132","GP","F",15,"U","GT3","T",1,1,"at_home","other","course","mother",58,7,0,"no","yes","no","yes","no","yes","yes","yes",4,58,3,1,2,4,0,8,0,0
"133","GP","F",17,"U","LE3","T",2,2,"other","other","course","father",7,29,0,"no","yes","no","no","yes","yes","yes","yes",3,57,4,1,3,5,12,10,13,12
"134","GP","F",16,"U","GT3","A",3,4,"services","other","course","father",99,74,0,"no","no","no","no","yes","yes","yes","no",3,34,1,1,4,5,16,12,11,11
"135","GP","M",15,"R","GT3","T",3,4,"at_home","teacher","course","mother",75,93,0,"no","yes","no","no","yes","yes","no","yes",5,53,3,1,1,5,0,9,0,0
"136","GP","F",15,"U","GT3","T",4,4,"services","at_home","course","mother",31,5,0,"no","yes","no","yes","yes","yes","yes","yes",4,29,3,1,1,5,0,11,0,0
"137","GP","M",17,"R","GT3","T",3,4,"at_home","other","course","mother",100,42,0,"no","no","no","no","yes","yes","no","no",5,39,5,2,4,5,0,10,0,0
"138","GP","F",16,"U","GT3","A",3,3,"other","other","course","other",84,22,2,"no","yes","no","yes","no","yes","yes","yes",4,92,2,1,1,5,0,4,0,0
"139","GP","M",16,"U","LE3","T",1,1,"services","other","course","mother",4,36,1,"no","no","no","no","yes","yes","no","yes",4,6,4,1,3,5,0,14,12,12
"140","GP","F",15,"U","GT3","T",4,4,"teacher","teacher","course","mother",1,71,0,"no","no","no","yes","yes","yes","yes","no",4,95,2,1,1,5,0,16,16,15
"141","GP","M",15,"U","GT3","T",4,3,"teacher","services","course","father",11,74,0,"yes","yes","no","no","yes","yes","yes","no",2,93,2,1,1,3,0,7,9,0
"142","GP","M",16,"U","LE3","T",2,2,"services","services","reputation","father",95,80,2,"no","yes","no","yes","yes","yes","yes","no",2,96,3,2,2,2,8,9,9,9
"143","GP","F",15,"U","GT3","T",4,4,"teacher","services","course","mother",71,14,0,"no","yes","yes","yes","yes","yes","yes","no",4,29,2,1,1,5,2,9,11,11
"144","GP","F",16,"U","LE3","T",1,1,"at_home","at_home","course","mother",28,79,0,"no","no","no","no","yes","yes","yes","no",3,100,4,3,3,1,2,14,14,13
"145","GP","M",17,"U","GT3","T",2,1,"other","other","home","mother",97,38,3,"no","yes","no","no","yes","yes","yes","no",5,36,5,1,2,5,0,5,0,0
"146","GP","F",15,"U","GT3","T",1,1,"other","services","course","father",1,73,0,"no","yes","yes","no","yes","yes","yes","no",4,96,2,1,2,5,0,8,11,11
"147","GP","F",15,"U","GT3","T",3,2,"health","services","home","father",8,75,3,"no","yes","no","no","yes","yes","yes","no",3,32,2,1,1,3,0,6,7,0
"148","GP","F",15,"U","GT3","T",1,2,"at_home","other","course","mother",59,68,0,"no","yes","yes","no","no","yes","yes","no",4,76,2,1,1,5,2,10,11,11
"149","GP","M",16,"U","GT3","T",4,4,"teacher","teacher","course","mother",50,69,0,"no","yes","no","no","yes","no","yes","yes",3,20,2,2,1,5,0,7,6,0
"150","GP","M",15,"U","LE3","A",2,1,"services","other","course","mother",11,9,3,"no","no","no","no","yes","yes","yes","no",4,54,5,2,5,5,0,8,9,10
"151","GP","M",18,"U","LE3","T",1,1,"other","other","course","mother",64,81,3,"no","no","no","no","yes","no","yes","yes",2,91,5,2,5,4,0,6,5,0
"152","GP","M",16,"U","LE3","T",2,1,"at_home","other","course","mother",68,1,1,"no","no","no","yes","yes","yes","no","yes",4,50,4,3,5,5,6,12,13,14
"153","GP","F",15,"R","GT3","T",3,3,"services","services","reputation","other",22,16,2,"no","yes","yes","yes","yes","yes","yes","yes",4,3,1,2,3,3,8,10,10,10
"154","GP","M",19,"U","GT3","T",3,2,"services","at_home","home","mother",19,56,3,"no","yes","no","no","yes","no","yes","yes",4,85,4,1,1,4,0,5,0,0
"155","GP","F",17,"U","GT3","T",4,4,"other","teacher","course","mother",58,42,0,"yes","yes","no","no","yes","yes","no","yes",4,75,1,1,1,4,0,11,11,12
"156","GP","M",15,"R","GT3","T",2,3,"at_home","services","course","mother",47,24,0,"yes","no","yes","yes","yes","yes","no","no",4,12,4,1,1,1,2,11,8,8
"157","GP","M",17,"R","LE3","T",1,2,"other","other","reputation","mother",20,13,0,"no","no","no","no","yes","yes","no","no",2,33,2,3,3,5,8,16,12,13
"158","GP","F",18,"R","GT3","T",1,1,"at_home","other","course","mother",81,78,3,"no","yes","no","yes","no","yes","no","no",5,38,5,1,5,4,6,9,8,10
"159","GP","M",16,"R","GT3","T",2,2,"at_home","other","course","mother",52,57,0,"no","no","no","no","no","yes","no","no",4,6,2,1,2,3,2,17,15,15
"160","GP","M",16,"U","GT3","T",3,3,"other","services","course","father",97,73,1,"no","yes","yes","no","yes","yes","yes","yes",4,37,5,4,4,5,4,10,12,12
"161","GP","M",17,"R","LE3","T",2,1,"at_home","other","course","mother",78,71,2,"no","no","no","yes","yes","no","yes","yes",3,41,2,2,2,5,0,7,6,0
"162","GP","M",15,"R","GT3","T",3,2,"other","other","course","mother",73,68,2,"yes","yes","no","no","yes","yes","yes","yes",4,97,4,1,4,3,6,5,9,7
"163","GP","M",16,"U","LE3","T",1,2,"other","other","course","mother",63,61,1,"no","no","no","yes","yes","yes","no","no",4,54,4,2,4,5,0,7,0,0
"164","GP","M",17,"U","GT3","T",1,3,"at_home","services","course","father",95,51,0,"no","no","no","no","yes","no","yes","no",5,64,3,1,4,2,2,10,10,10
"165","GP","M",17,"R","LE3","T",1,1,"other","services","course","mother",71,48,3,"no","no","no","yes","yes","no","no","yes",5,68,5,1,5,5,0,5,8,7
"166","GP","M",16,"U","GT3","T",3,2,"services","services","course","mother",77,60,1,"no","yes","no","yes","no","no","no","no",4,33,2,1,1,2,16,12,11,12
"167","GP","M",16,"U","GT3","T",2,2,"other","other","course","father",70,85,0,"no","no","no","no","yes","no","yes","no",4,12,5,2,4,4,4,10,10,10
"168","GP","F",16,"U","GT3","T",4,2,"health","services","home","father",74,12,0,"no","no","yes","no","yes","yes","yes","yes",4,17,3,1,1,3,0,14,15,16
"169","GP","F",16,"U","GT3","T",2,2,"other","other","home","mother",12,28,0,"no","yes","yes","no","no","yes","yes","no",5,30,5,1,1,4,0,6,7,0
"170","GP","F",16,"U","GT3","T",4,4,"health","health","reputation","mother",98,35,0,"no","yes","yes","no","yes","yes","yes","yes",4,65,2,1,1,3,0,14,14,14
"171","GP","M",16,"U","GT3","T",3,4,"other","other","course","father",66,51,2,"no","yes","no","yes","no","yes","yes","no",3,82,5,2,4,2,0,6,5,0
"172","GP","M",16,"U","GT3","T",1,0,"other","other","reputation","mother",77,59,0,"no","yes","yes","yes","yes","yes","yes","yes",4,88,2,1,1,3,2,13,15,16
"173","GP","M",17,"U","LE3","T",4,4,"teacher","other","reputation","mother",63,72,0,"no","yes","yes","yes","yes","yes","yes","no",4,92,4,1,3,5,0,13,11,10
"174","GP","F",16,"U","GT3","T",1,3,"at_home","services","home","mother",14,100,3,"no","no","no","yes","no","yes","yes","yes",4,8,5,1,1,3,0,8,7,0
"175","GP","F",16,"U","LE3","T",3,3,"other","other","reputation","mother",35,43,0,"no","yes","yes","yes","yes","yes","yes","no",4,63,5,1,1,4,4,10,11,9
"176","GP","M",17,"U","LE3","T",4,3,"teacher","other","course","mother",88,33,0,"no","no","yes","yes","yes","yes","yes","no",4,22,4,4,4,4,4,10,9,9
"177","GP","F",16,"U","GT3","T",2,2,"services","other","reputation","mother",53,52,0,"no","no","yes","yes","no","yes","yes","no",3,90,4,1,4,5,2,13,13,11
"178","GP","M",17,"U","GT3","T",3,3,"other","other","reputation","father",49,37,0,"no","no","no","yes","no","yes","yes","no",4,58,4,1,4,4,4,6,5,6
"179","GP","M",16,"R","GT3","T",4,2,"teacher","services","other","mother",3,77,0,"no","yes","no","yes","yes","yes","yes","yes",4,43,3,3,4,3,10,10,8,9
"180","GP","M",17,"U","GT3","T",4,3,"other","other","course","mother",72,49,0,"no","yes","no","yes","yes","yes","yes","yes",5,84,3,1,1,2,4,10,10,11
"181","GP","M",16,"U","GT3","T",4,3,"teacher","other","home","mother",58,70,0,"no","yes","yes","yes","yes","yes","yes","no",3,51,3,2,3,3,10,9,8,8
"182","GP","M",16,"U","GT3","T",3,3,"services","other","home","mother",100,93,0,"no","no","yes","yes","yes","yes","yes","yes",4,38,3,1,2,3,2,12,13,12
"183","GP","F",17,"U","GT3","T",2,4,"services","services","reputation","father",64,63,0,"no","yes","no","yes","yes","yes","no","no",5,8,2,2,3,5,0,16,17,17
"184","GP","F",17,"U","LE3","T",3,3,"other","other","reputation","mother",3,33,0,"no","yes","no","yes","yes","yes","yes","yes",5,3,3,2,3,1,56,9,9,8
"185","GP","F",16,"U","GT3","T",3,2,"other","other","reputation","mother",9,88,0,"no","yes","yes","no","yes","yes","yes","no",1,71,2,1,2,1,14,12,13,12
"186","GP","M",17,"U","GT3","T",3,3,"services","services","other","mother",13,43,0,"no","yes","no","yes","yes","yes","yes","yes",4,32,4,2,3,4,12,12,12,11
"187","GP","M",16,"U","GT3","T",1,2,"services","services","other","mother",36,33,0,"no","yes","yes","yes","yes","yes","yes","yes",3,91,3,1,2,3,2,11,12,11
"188","GP","M",16,"U","LE3","T",2,1,"other","other","course","mother",83,64,0,"no","no","yes","yes","yes","yes","yes","yes",4,35,3,1,2,5,0,15,15,15
"189","GP","F",17,"U","GT3","A",3,3,"health","other","reputation","mother",84,78,0,"no","yes","no","no","no","yes","yes","yes",3,94,3,1,3,3,6,8,7,9
"190","GP","M",17,"R","GT3","T",1,2,"at_home","other","home","mother",36,52,0,"no","no","no","no","yes","yes","no","no",3,39,3,1,5,3,4,8,9,10
"191","GP","F",16,"U","GT3","T",2,3,"services","services","course","mother",47,17,0,"no","no","no","no","yes","yes","yes","no",4,63,3,1,1,2,10,11,12,13
"192","GP","F",17,"U","GT3","T",1,1,"at_home","services","course","mother",73,46,0,"no","no","no","yes","yes","yes","yes","no",5,61,3,1,1,3,0,8,8,9
"193","GP","M",17,"U","GT3","T",1,2,"at_home","services","other","other",10,35,0,"no","no","yes","yes","no","yes","yes","no",4,43,4,4,5,5,12,7,8,8
"194","GP","M",16,"R","GT3","T",3,3,"services","services","reputation","mother",88,88,0,"no","yes","no","yes","yes","yes","yes","no",4,90,2,3,4,5,8,8,9,10
"195","GP","M",16,"U","GT3","T",2,3,"other","other","home","father",8,36,0,"no","no","no","no","yes","yes","yes","no",5,44,3,1,1,3,0,13,14,14
"196","GP","F",17,"U","LE3","T",2,4,"services","services","course","father",30,73,0,"no","no","no","yes","yes","yes","yes","yes",4,56,2,1,1,5,0,14,15,15
"197","GP","M",17,"U","GT3","T",4,4,"services","teacher","home","mother",26,43,0,"no","no","no","no","yes","yes","yes","no",5,24,3,1,2,5,4,17,15,16
"198","GP","M",16,"R","LE3","T",3,3,"teacher","other","home","father",43,14,0,"no","yes","yes","yes","yes","yes","yes","no",3,19,4,3,5,3,8,9,9,10
"199","GP","F",17,"U","GT3","T",4,4,"services","teacher","home","mother",50,92,1,"no","yes","no","no","yes","yes","yes","no",4,92,4,2,3,2,24,18,18,18
"200","GP","F",16,"U","LE3","T",4,4,"teacher","teacher","reputation","mother",2,64,0,"no","yes","yes","no","yes","yes","yes","no",4,54,2,1,2,3,0,9,9,10
"201","GP","F",16,"U","GT3","T",4,3,"health","other","home","mother",76,70,0,"no","yes","no","yes","yes","yes","yes","no",4,7,5,1,5,2,2,16,16,16
"202","GP","F",16,"U","GT3","T",2,3,"other","other","reputation","mother",94,82,0,"yes","yes","yes","yes","yes","yes","no","no",4,83,3,1,3,4,6,8,10,10
"203","GP","F",17,"U","GT3","T",1,1,"other","other","course","mother",63,19,0,"no","yes","yes","no","no","yes","no","no",4,55,4,1,3,1,4,9,9,10
"204","GP","F",17,"R","GT3","T",2,2,"other","other","reputation","mother",72,97,0,"no","yes","no","no","yes","yes","yes","no",5,8,2,1,2,3,18,7,6,6
"205","GP","F",16,"R","GT3","T",2,2,"services","services","reputation","mother",48,98,0,"no","yes","yes","yes","no","yes","yes","no",5,5,5,1,1,5,6,10,10,11
"206","GP","F",17,"U","GT3","T",3,4,"at_home","services","home","mother",94,91,1,"no","yes","yes","no","yes","yes","yes","yes",4,75,3,3,4,5,28,10,9,9
"207","GP","F",16,"U","GT3","A",3,1,"services","other","course","mother",10,25,3,"no","yes","yes","no","yes","yes","yes","no",2,71,3,2,2,4,5,7,7,7
"208","GP","F",16,"U","GT3","T",4,3,"teacher","other","other","mother",11,37,0,"no","no","yes","yes","yes","yes","yes","yes",1,73,2,1,1,1,10,11,12,13
"209","GP","F",16,"U","GT3","T",1,1,"at_home","other","home","mother",4,94,0,"no","yes","yes","no","yes","yes","no","no",4,78,2,1,4,5,6,9,9,10
"210","GP","F",17,"R","GT3","T",4,3,"teacher","other","reputation","mother",94,5,0,"no","yes","yes","yes","yes","yes","yes","yes",4,50,2,1,1,4,6,7,7,7
"211","GP","F",19,"U","GT3","T",3,3,"other","other","reputation","other",42,94,0,"no","yes","yes","yes","yes","yes","yes","no",4,23,3,1,2,3,10,8,8,8
"212","GP","M",17,"U","LE3","T",4,4,"services","other","home","mother",6,40,0,"no","yes","yes","no","yes","yes","yes","yes",5,20,5,4,5,3,13,12,12,13
"213","GP","F",16,"U","GT3","A",2,2,"other","other","reputation","mother",55,68,0,"yes","yes","yes","no","yes","yes","yes","no",3,66,4,1,1,4,0,12,13,14
"214","GP","M",18,"U","GT3","T",2,2,"services","other","home","mother",84,7,1,"no","yes","yes","yes","yes","yes","yes","no",4,24,4,2,4,5,15,6,7,8
"215","GP","F",17,"R","LE3","T",4,4,"services","other","other","mother",39,51,0,"no","yes","yes","no","yes","yes","no","no",5,13,1,1,2,3,12,8,10,10
"216","GP","F",17,"U","LE3","T",3,2,"other","other","reputation","mother",40,100,0,"no","no","yes","no","yes","yes","yes","no",4,54,4,1,3,1,2,14,15,15
"217","GP","F",17,"U","GT3","T",4,3,"other","other","reputation","mother",36,59,2,"no","no","yes","no","yes","yes","yes","yes",3,65,5,2,4,1,22,6,6,4
"218","GP","M",18,"U","LE3","T",3,3,"services","health","home","father",51,36,1,"no","yes","yes","no","yes","yes","yes","no",3,64,4,2,4,4,13,6,6,8
"219","GP","F",17,"U","GT3","T",2,3,"at_home","other","home","father",89,99,0,"no","yes","yes","no","yes","yes","no","no",3,42,3,1,4,3,3,7,7,8
"220","GP","F",17,"U","GT3","T",2,2,"at_home","at_home","course","mother",77,67,0,"no","yes","yes","yes","yes","yes","yes","no",4,72,3,1,1,4,4,9,10,10
"221","GP","F",17,"R","GT3","T",2,1,"at_home","services","reputation","mother",47,97,0,"no","yes","no","yes","yes","yes","yes","no",4,91,5,1,2,5,2,6,6,6
"222","GP","F",17,"U","GT3","T",1,1,"at_home","other","reputation","mother",66,61,1,"no","yes","no","yes","yes","yes","no","yes",4,4,4,1,1,5,0,6,5,0
"223","GP","F",16,"U","GT3","T",2,3,"services","teacher","other","mother",13,45,0,"yes","no","no","no","yes","yes","yes","no",2,5,1,1,1,3,2,16,16,17
"224","GP","M",18,"U","GT3","T",2,2,"other","other","home","mother",74,45,0,"no","yes","yes","no","yes","yes","yes","no",3,23,3,5,5,4,0,12,13,13
"225","GP","F",16,"U","GT3","T",4,4,"teacher","services","home","mother",25,76,0,"no","yes","no","yes","no","yes","yes","no",5,84,2,1,1,5,0,13,13,14
"226","GP","F",18,"R","GT3","T",3,1,"other","other","reputation","mother",35,10,1,"no","no","no","yes","yes","yes","yes","yes",5,27,3,1,1,4,16,9,8,7
"227","GP","F",17,"U","GT3","T",3,2,"other","other","course","mother",44,40,0,"no","no","no","yes","no","yes","yes","no",5,6,4,1,3,3,10,16,15,15
"228","GP","M",17,"U","LE3","T",2,3,"services","services","reputation","father",79,37,0,"no","yes","yes","no","no","yes","yes","no",5,59,3,1,3,3,2,12,11,12
"229","GP","M",18,"U","LE3","T",2,1,"at_home","other","course","mother",15,66,0,"yes","yes","yes","yes","yes","yes","yes","yes",4,25,2,4,5,3,14,10,8,9
"230","GP","F",17,"U","GT3","A",2,1,"other","other","course","mother",28,86,0,"no","no","no","yes","yes","yes","yes","yes",3,27,3,1,2,3,10,12,10,12
"231","GP","F",17,"U","LE3","T",4,3,"health","other","reputation","father",19,30,0,"no","no","no","yes","yes","yes","yes","yes",3,48,3,1,2,3,14,13,13,14
"232","GP","M",17,"R","GT3","T",2,2,"other","other","course","father",28,98,0,"no","yes","yes","yes","yes","yes","yes","no",4,85,2,1,1,1,4,11,11,11
"233","GP","M",17,"U","GT3","T",4,4,"teacher","teacher","reputation","mother",92,55,0,"yes","yes","no","yes","yes","yes","yes","yes",4,91,5,1,3,2,14,11,9,9
"234","GP","M",16,"U","GT3","T",4,4,"health","other","reputation","father",54,58,0,"no","yes","yes","yes","yes","yes","yes","no",4,49,4,2,4,1,2,14,13,13
"235","GP","M",16,"U","LE3","T",1,1,"other","other","home","mother",85,83,0,"no","yes","yes","no","yes","yes","yes","no",3,39,2,1,1,5,18,9,7,6
"236","GP","M",16,"U","GT3","T",3,2,"at_home","other","reputation","mother",66,10,0,"no","no","no","yes","yes","yes","yes","yes",5,2,3,1,3,2,10,11,9,10
"237","GP","M",17,"U","LE3","T",2,2,"other","other","home","father",7,6,0,"no","no","yes","yes","no","yes","yes","yes",4,6,2,5,5,4,4,14,13,13
"238","GP","F",16,"U","GT3","T",2,1,"other","other","home","mother",64,11,0,"no","no","no","no","yes","yes","yes","yes",4,38,2,1,1,5,20,13,12,12
"239","GP","F",17,"R","GT3","T",2,1,"at_home","services","course","mother",56,92,0,"no","no","no","yes","yes","yes","no","no",2,67,1,1,1,3,2,13,11,11
"240","GP","M",18,"U","GT3","T",2,2,"other","services","reputation","father",76,74,1,"no","no","no","no","yes","no","yes","no",5,23,4,3,5,2,0,7,7,0
"241","GP","M",17,"U","LE3","T",4,3,"health","other","course","mother",2,41,0,"no","no","no","yes","yes","yes","yes","yes",2,43,5,1,4,5,14,12,12,12
"242","GP","M",17,"R","LE3","A",4,4,"teacher","other","course","mother",31,75,0,"no","yes","yes","no","yes","yes","yes","no",3,98,3,2,3,4,2,10,11,12
"243","GP","M",16,"U","LE3","T",4,3,"teacher","other","course","mother",57,28,0,"no","no","no","yes","no","yes","yes","no",5,79,5,1,1,3,0,6,0,0
"244","GP","M",16,"U","GT3","T",4,4,"services","services","course","mother",27,95,0,"no","no","no","yes","yes","yes","yes","no",5,26,2,1,2,5,0,13,12,12
"245","GP","F",18,"U","GT3","T",2,1,"other","other","course","other",64,74,0,"no","yes","yes","no","no","yes","yes","yes",4,28,4,1,1,3,0,7,0,0
"246","GP","M",16,"U","GT3","T",2,1,"other","other","course","mother",57,88,0,"no","no","no","no","yes","yes","yes","no",4,14,3,1,1,4,6,18,18,18
"247","GP","M",17,"U","GT3","T",2,3,"other","other","course","father",59,82,0,"no","no","no","no","yes","yes","yes","no",5,77,2,1,1,2,4,12,12,13
"248","GP","M",22,"U","GT3","T",3,1,"services","services","other","mother",26,1,3,"no","no","no","no","no","no","yes","yes",5,68,5,5,5,1,16,6,8,8
"249","GP","M",18,"R","LE3","T",3,3,"other","services","course","mother",67,46,1,"no","yes","no","no","yes","yes","yes","yes",4,1,3,1,3,5,8,3,5,5
"250","GP","M",16,"U","GT3","T",0,2,"other","other","other","mother",21,70,0,"no","no","yes","no","no","yes","yes","no",4,25,2,2,4,5,0,13,15,15
"251","GP","M",18,"U","GT3","T",3,2,"services","other","course","mother",57,64,1,"no","no","no","no","yes","no","yes","no",4,87,5,2,4,5,0,6,8,8
"252","GP","M",16,"U","GT3","T",3,3,"at_home","other","reputation","other",25,15,0,"yes","yes","no","no","no","yes","yes","no",5,65,3,1,3,2,6,7,10,10
"253","GP","M",18,"U","GT3","T",2,1,"services","services","other","mother",68,10,1,"no","no","no","no","no","no","yes","no",3,96,5,2,5,5,4,6,9,8
"254","GP","M",16,"R","GT3","T",2,1,"other","other","course","mother",24,34,0,"no","no","no","yes","no","yes","no","no",3,95,2,1,3,3,0,8,9,8
"255","GP","M",17,"R","GT3","T",2,1,"other","other","course","mother",2,40,0,"no","no","no","no","no","yes","yes","no",4,32,2,2,4,5,0,8,12,12
"256","GP","M",17,"U","LE3","T",1,1,"health","other","course","mother",94,92,1,"no","yes","no","yes","yes","yes","yes","no",4,73,4,1,2,5,2,7,9,8
"257","GP","F",17,"U","LE3","T",4,2,"teacher","services","reputation","mother",90,89,0,"no","yes","yes","yes","yes","yes","yes","no",4,87,3,1,1,4,6,14,12,13
"258","GP","M",19,"U","LE3","A",4,3,"services","at_home","reputation","mother",1,59,0,"no","yes","no","no","yes","yes","yes","no",4,19,1,1,1,1,12,11,11,11
"259","GP","M",18,"U","GT3","T",2,1,"other","other","home","mother",57,1,0,"no","no","no","yes","yes","yes","yes","no",5,58,4,1,2,4,8,15,14,14
"260","GP","F",17,"U","LE3","T",2,2,"services","services","course","father",50,67,0,"no","no","yes","yes","yes","yes","yes","yes",3,98,1,1,1,2,0,10,9,0
"261","GP","F",18,"U","GT3","T",4,3,"services","other","home","father",98,30,0,"no","yes","yes","no","yes","yes","yes","yes",3,74,2,1,3,2,21,17,18,18
"262","GP","M",18,"U","GT3","T",4,3,"teacher","other","course","mother",64,43,0,"no","yes","yes","no","no","yes","yes","no",4,55,2,1,1,3,2,8,8,8
"263","GP","M",18,"R","GT3","T",3,2,"other","other","course","mother",99,35,0,"no","no","no","yes","no","yes","no","no",5,53,2,1,1,3,1,13,12,12
"264","GP","F",17,"U","GT3","T",3,3,"other","other","home","mother",56,88,0,"no","no","no","yes","no","yes","no","no",3,33,3,1,1,4,4,10,9,9
"265","GP","F",18,"U","GT3","T",2,2,"at_home","services","home","mother",71,30,0,"no","yes","yes","yes","yes","yes","yes","yes",4,9,3,1,1,3,0,9,10,0
"266","GP","M",18,"R","LE3","A",3,4,"other","other","reputation","mother",76,68,0,"no","yes","yes","yes","yes","yes","yes","no",4,38,5,3,4,1,13,17,17,17
"267","GP","M",17,"U","GT3","T",3,1,"services","other","other","mother",77,62,0,"no","no","yes","yes","yes","yes","yes","yes",5,73,4,3,4,5,2,9,9,10
"268","GP","F",18,"R","GT3","T",4,4,"teacher","other","reputation","mother",74,54,0,"no","no","yes","yes","yes","yes","yes","no",4,59,4,2,2,4,8,12,10,11
"269","GP","M",18,"U","GT3","T",4,2,"health","other","reputation","father",96,54,0,"no","yes","yes","yes","yes","yes","yes","yes",5,44,5,1,3,5,10,10,9,10
"270","GP","F",18,"R","GT3","T",2,1,"other","other","reputation","mother",37,21,0,"no","yes","no","no","yes","no","yes","yes",4,19,5,1,2,3,0,6,0,0
"271","GP","F",19,"U","GT3","T",3,3,"other","services","home","other",97,38,2,"no","yes","yes","yes","yes","yes","yes","no",4,70,5,3,3,5,15,9,9,9
"272","GP","F",18,"U","GT3","T",2,3,"other","services","reputation","father",86,28,0,"no","yes","yes","yes","yes","yes","yes","yes",4,6,5,1,3,2,4,15,14,14
"273","GP","F",18,"U","LE3","T",1,1,"other","other","home","mother",61,74,0,"no","yes","yes","no","no","yes","no","no",4,63,3,1,1,3,2,11,11,11
"274","GP","M",17,"R","GT3","T",1,2,"at_home","at_home","home","mother",18,26,0,"no","yes","yes","yes","no","yes","no","yes",3,60,2,2,2,1,2,15,14,14
"275","GP","F",17,"U","GT3","T",2,4,"at_home","health","reputation","mother",75,65,0,"no","yes","yes","no","yes","yes","yes","yes",4,25,3,1,1,1,2,10,10,10
"276","GP","F",17,"U","LE3","T",2,2,"services","other","course","mother",40,56,0,"yes","yes","yes","no","yes","yes","yes","yes",4,63,4,2,3,5,6,12,12,12
"277","GP","F",18,"R","GT3","A",3,2,"other","services","home","mother",91,16,0,"no","no","no","no","no","no","yes","yes",4,80,1,1,1,5,75,10,9,9
"278","GP","M",18,"U","GT3","T",4,4,"teacher","services","home","mother",89,10,0,"no","no","yes","yes","yes","yes","yes","no",3,49,4,1,4,3,22,9,9,9
"279","GP","F",18,"U","GT3","T",4,4,"health","health","reputation","father",84,67,1,"yes","yes","no","yes","yes","yes","yes","yes",2,1,4,1,1,4,15,9,8,8
"280","GP","M",18,"U","LE3","T",4,3,"teacher","services","course","mother",54,5,0,"no","no","yes","yes","yes","yes","yes","no",4,99,3,1,2,1,8,10,11,10
"281","GP","M",17,"U","LE3","A",4,1,"services","other","home","mother",85,20,0,"no","no","yes","yes","yes","yes","yes","yes",4,33,4,2,4,5,30,8,8,8
"282","GP","M",17,"U","LE3","A",3,2,"teacher","services","home","mother",73,12,1,"no","no","no","no","yes","yes","yes","no",4,71,4,3,4,3,19,11,9,10
"283","GP","F",18,"R","LE3","T",1,1,"at_home","other","reputation","mother",37,86,0,"no","yes","yes","yes","yes","yes","no","no",5,95,2,1,1,3,1,12,12,12
"284","GP","F",18,"U","GT3","T",1,1,"other","other","home","mother",97,24,0,"yes","no","no","yes","yes","yes","yes","no",5,61,4,1,1,4,4,8,9,10
"285","GP","F",17,"U","GT3","T",2,2,"other","other","course","mother",76,16,0,"no","yes","no","no","no","yes","yes","no",5,59,5,1,2,5,4,10,9,11
"286","GP","M",17,"U","GT3","T",1,1,"other","other","reputation","father",55,57,0,"no","no","yes","no","no","yes","yes","no",4,26,3,1,2,4,2,12,10,11
"287","GP","F",18,"U","GT3","T",2,2,"at_home","at_home","other","mother",18,26,0,"no","yes","yes","no","yes","yes","yes","no",4,51,3,1,2,2,5,18,18,19
"288","GP","F",17,"U","GT3","T",1,1,"services","teacher","reputation","mother",17,41,0,"no","yes","yes","no","yes","yes","yes","no",4,16,3,1,1,3,6,13,12,12
"289","GP","M",18,"U","GT3","T",2,1,"services","services","reputation","mother",25,98,0,"no","no","yes","yes","yes","yes","yes","no",4,51,4,1,3,2,6,15,14,14
"290","GP","M",18,"U","LE3","A",4,4,"teacher","teacher","reputation","mother",39,80,0,"no","yes","yes","yes","yes","yes","yes","no",5,100,3,1,1,2,9,15,13,15
"291","GP","M",18,"U","GT3","T",4,2,"teacher","other","home","mother",41,27,0,"no","yes","yes","yes","yes","yes","yes","yes",4,25,2,1,4,5,11,12,11,11
"292","GP","F",17,"U","GT3","T",4,3,"health","services","reputation","mother",90,78,0,"no","yes","yes","no","yes","yes","yes","no",4,48,2,1,2,3,0,15,15,15
"293","GP","F",18,"U","LE3","T",2,1,"services","at_home","reputation","mother",51,5,1,"no","no","no","no","yes","yes","yes","yes",5,98,3,1,1,5,12,12,12,13
"294","GP","F",17,"R","LE3","T",3,1,"services","other","reputation","mother",7,43,0,"no","yes","yes","no","yes","yes","no","no",3,46,2,1,1,3,6,18,18,18
"295","GP","M",18,"R","LE3","T",3,2,"services","other","reputation","mother",65,61,0,"no","yes","yes","yes","yes","yes","yes","no",5,43,2,1,1,4,8,14,13,14
"296","GP","M",17,"U","GT3","T",3,3,"health","other","home","mother",32,51,0,"no","yes","yes","no","yes","yes","yes","no",4,37,3,1,3,5,4,14,12,11
"297","GP","F",19,"U","GT3","T",4,4,"health","other","reputation","other",35,32,0,"no","yes","yes","yes","yes","yes","yes","no",2,65,4,2,3,2,0,10,9,0
"298","GP","F",18,"U","LE3","T",4,3,"other","other","home","other",73,7,0,"no","yes","yes","no","yes","yes","yes","yes",4,75,5,1,2,2,10,10,8,8
"299","GP","F",18,"U","GT3","T",4,3,"other","other","reputation","father",6,37,0,"no","yes","yes","no","yes","yes","yes","no",4,30,3,1,1,3,0,14,13,14
"300","GP","M",18,"U","LE3","T",4,4,"teacher","teacher","home","mother",94,30,0,"no","yes","yes","no","yes","yes","yes","yes",1,34,2,2,2,1,5,16,15,16
"301","GP","F",18,"U","LE3","A",4,4,"health","other","home","mother",50,11,0,"no","yes","no","no","yes","yes","yes","yes",4,60,4,1,1,4,14,12,10,11
"302","GP","M",17,"U","LE3","T",4,4,"other","teacher","home","father",86,19,0,"no","no","yes","no","yes","yes","yes","no",4,35,1,2,2,5,0,11,11,10
"303","GP","F",17,"U","GT3","T",4,2,"other","other","reputation","mother",25,99,0,"no","yes","yes","no","yes","yes","yes","no",4,70,3,1,1,3,0,15,12,14
"304","GP","F",17,"U","GT3","T",3,2,"health","health","reputation","father",25,26,0,"no","yes","yes","yes","no","yes","yes","no",5,93,2,1,2,5,0,17,17,18
"305","GP","M",19,"U","GT3","T",3,3,"other","other","home","other",69,26,1,"no","yes","no","yes","yes","yes","yes","yes",4,11,4,1,1,3,20,15,14,13
"306","GP","F",18,"U","GT3","T",2,4,"services","at_home","reputation","other",9,38,1,"no","yes","yes","yes","yes","yes","yes","no",4,19,3,1,1,3,8,14,12,12
"307","GP","M",20,"U","GT3","A",3,2,"services","other","course","other",87,7,0,"no","no","no","yes","yes","yes","no","no",5,26,3,1,1,5,0,17,18,18
"308","GP","M",19,"U","GT3","T",4,4,"teacher","services","reputation","other",17,82,1,"no","yes","yes","no","yes","yes","yes","yes",4,1,4,1,1,4,38,8,9,8
"309","GP","M",19,"R","GT3","T",3,3,"other","services","reputation","father",92,100,1,"no","no","no","yes","yes","yes","no","yes",4,9,3,1,2,5,0,15,12,12
"310","GP","F",19,"U","LE3","T",1,1,"at_home","other","reputation","other",1,36,1,"yes","yes","no","yes","no","yes","yes","no",4,20,3,1,3,3,18,12,10,10
"311","GP","F",19,"U","LE3","T",1,2,"services","services","home","other",53,25,1,"no","no","no","yes","no","yes","no","yes",4,48,4,2,2,3,0,9,9,0
"312","GP","F",19,"U","GT3","T",2,1,"at_home","other","other","other",39,38,0,"no","yes","no","no","yes","no","yes","yes",3,40,1,1,1,2,20,14,12,13
"313","GP","M",19,"U","GT3","T",1,2,"other","services","course","other",12,35,1,"no","no","no","no","no","yes","yes","no",4,68,2,2,2,4,3,13,11,11
"314","GP","F",19,"U","LE3","T",3,2,"services","other","reputation","other",13,80,1,"no","yes","yes","no","no","yes","yes","yes",4,12,2,1,2,1,22,13,10,11
"315","GP","F",19,"U","GT3","T",1,1,"at_home","health","home","other",29,76,2,"no","no","no","no","no","yes","yes","yes",4,92,2,1,1,3,14,15,13,13
"316","GP","F",19,"R","GT3","T",2,3,"other","other","reputation","other",93,64,1,"no","no","no","no","yes","yes","yes","yes",4,53,2,1,1,3,40,13,11,11
"317","GP","F",18,"U","GT3","T",2,1,"services","other","course","mother",18,74,0,"no","yes","yes","yes","yes","yes","yes","no",5,34,3,1,2,1,0,8,8,0
"318","GP","F",18,"U","GT3","T",4,3,"other","other","course","mother",56,96,0,"no","yes","yes","yes","yes","yes","yes","yes",4,91,4,1,1,5,9,9,10,9
"319","GP","F",17,"R","GT3","T",3,4,"at_home","services","course","father",3,98,0,"no","yes","yes","yes","no","yes","yes","no",4,31,4,2,5,5,0,11,11,10
"320","GP","F",18,"U","GT3","T",4,4,"teacher","other","course","mother",47,12,0,"no","yes","yes","no","yes","yes","yes","no",4,36,4,3,3,5,2,11,11,11
"321","GP","F",17,"U","GT3","A",4,3,"services","services","course","mother",87,98,0,"no","yes","yes","no","yes","yes","yes","yes",5,55,2,1,2,5,23,13,13,13
"322","GP","F",17,"U","GT3","T",2,2,"other","other","course","mother",40,22,0,"no","yes","no","no","yes","yes","no","yes",4,22,2,1,1,3,12,11,9,9
"323","GP","F",17,"R","LE3","T",2,2,"services","services","course","mother",95,85,0,"no","yes","yes","yes","yes","yes","yes","no",3,52,2,2,2,3,3,11,11,11
"324","GP","F",17,"U","GT3","T",3,1,"services","services","course","father",21,100,0,"no","yes","no","no","no","yes","yes","no",3,3,3,2,3,5,1,12,14,15
"325","GP","F",17,"U","LE3","T",0,2,"at_home","at_home","home","father",65,74,0,"no","no","no","no","yes","yes","yes","no",3,56,3,2,3,2,0,16,15,15
"326","GP","M",18,"U","GT3","T",4,4,"other","other","course","mother",36,2,0,"no","no","no","yes","yes","yes","yes","no",4,38,3,2,2,3,3,9,12,11
"327","GP","M",17,"U","GT3","T",3,3,"other","services","reputation","mother",37,71,0,"no","no","no","yes","no","yes","yes","no",4,90,5,3,5,5,3,14,15,16
"328","GP","M",17,"R","GT3","T",2,2,"services","other","course","mother",60,29,0,"no","yes","no","no","yes","yes","yes","no",4,2,5,5,5,4,8,11,10,10
"329","GP","F",17,"U","GT3","T",4,4,"teacher","services","course","mother",86,73,0,"no","yes","yes","yes","yes","yes","yes","no",5,41,4,1,3,4,7,10,9,9
"330","GP","F",17,"U","GT3","T",4,4,"teacher","teacher","course","mother",83,35,0,"no","yes","yes","no","no","yes","yes","yes",4,81,3,1,2,4,4,14,14,14
"331","GP","M",18,"U","LE3","T",2,2,"other","other","course","mother",48,49,0,"no","yes","no","yes","yes","yes","yes","no",4,10,5,2,4,5,2,9,8,8
"332","GP","F",17,"R","GT3","T",2,4,"at_home","other","course","father",47,56,0,"no","yes","no","no","yes","yes","yes","yes",4,94,3,1,1,5,7,12,14,14
"333","GP","F",18,"U","GT3","T",3,3,"services","services","home","mother",50,29,0,"no","no","no","yes","yes","yes","yes","no",5,73,4,1,1,4,0,7,0,0
"334","GP","F",18,"U","LE3","T",2,2,"other","other","home","other",67,77,0,"no","no","no","yes","no","yes","yes","yes",4,40,3,1,1,2,0,8,8,0
"335","GP","F",18,"R","GT3","T",2,2,"at_home","other","course","mother",29,25,0,"no","no","no","yes","yes","yes","no","no",4,96,4,1,1,4,0,10,9,0
"336","GP","F",17,"U","GT3","T",3,4,"services","other","course","mother",43,72,0,"no","no","no","no","yes","yes","yes","no",4,61,5,1,3,5,16,16,15,15
"337","GP","F",19,"R","GT3","A",3,1,"services","at_home","home","other",70,79,1,"no","no","yes","no","yes","yes","no","no",5,34,3,1,2,5,12,14,13,13
"338","GP","F",17,"U","GT3","T",3,2,"other","other","home","mother",71,88,0,"no","yes","yes","no","yes","yes","yes","yes",4,40,2,2,3,2,0,7,8,0
"339","GP","F",18,"U","LE3","T",3,3,"services","services","home","mother",94,41,0,"no","yes","no","no","yes","yes","yes","no",5,3,3,1,1,1,7,16,15,17
"340","GP","F",17,"R","GT3","A",3,2,"other","other","home","mother",30,52,0,"no","yes","yes","no","yes","yes","yes","no",4,33,3,2,3,2,4,9,10,10
"341","GP","F",19,"U","GT3","T",2,1,"services","services","home","other",19,15,1,"no","no","yes","yes","yes","yes","yes","yes",4,21,4,1,3,3,4,11,12,11
"342","GP","M",18,"U","GT3","T",4,4,"teacher","services","home","father",66,17,1,"no","yes","no","yes","yes","yes","yes","no",4,93,3,2,2,2,0,10,10,0
"343","GP","M",18,"U","LE3","T",3,4,"services","other","home","mother",8,34,0,"no","no","no","yes","yes","yes","yes","yes",4,98,3,1,3,5,11,16,15,15
"344","GP","F",17,"U","GT3","A",2,2,"at_home","at_home","home","father",99,58,1,"no","yes","no","no","yes","yes","yes","yes",3,22,1,1,2,4,0,9,8,0
"345","GP","F",18,"U","GT3","T",2,3,"at_home","other","course","mother",47,97,0,"no","yes","no","no","yes","yes","yes","no",4,87,3,1,2,3,4,11,10,10
"346","GP","F",18,"U","GT3","T",3,2,"other","services","other","mother",51,19,0,"no","no","no","no","yes","yes","yes","yes",5,19,3,2,3,1,7,13,13,14
"347","GP","M",18,"R","GT3","T",4,3,"teacher","services","course","mother",33,68,0,"no","no","no","no","yes","yes","yes","yes",5,98,2,1,2,4,9,16,15,16
"348","GP","M",18,"U","GT3","T",4,3,"teacher","other","course","mother",30,52,0,"no","yes","yes","no","yes","yes","yes","yes",5,87,5,2,3,5,0,10,10,9
"349","GP","F",17,"U","GT3","T",4,3,"health","other","reputation","mother",62,19,0,"no","yes","yes","yes","yes","yes","yes","yes",4,84,3,1,3,4,0,13,15,15
"350","MS","M",18,"R","GT3","T",3,2,"other","other","course","mother",1,93,1,"no","yes","no","no","no","yes","yes","no",2,35,5,5,5,5,10,11,13,13
"351","MS","M",19,"R","GT3","T",1,1,"other","services","home","other",94,9,3,"no","no","no","no","yes","yes","yes","no",5,82,4,3,3,2,8,8,7,8
"352","MS","M",17,"U","GT3","T",3,3,"health","other","course","mother",76,75,0,"no","yes","yes","no","yes","yes","yes","no",4,63,4,2,3,3,2,13,13,13
"353","MS","M",18,"U","LE3","T",1,3,"at_home","services","course","mother",5,45,1,"no","no","no","no","yes","no","yes","yes",4,67,3,2,3,3,7,8,7,8
"354","MS","M",19,"R","GT3","T",1,1,"other","other","home","other",72,38,1,"no","yes","no","no","yes","yes","yes","no",4,88,4,3,3,5,4,8,8,8
"355","MS","M",17,"R","GT3","T",4,3,"services","other","home","mother",73,4,0,"no","yes","yes","yes","no","yes","yes","yes",4,3,5,1,3,2,4,13,11,11
"356","MS","F",18,"U","GT3","T",3,3,"services","services","course","father",25,39,0,"no","yes","no","no","yes","yes","no","yes",5,99,4,1,1,5,0,10,9,9
"357","MS","F",17,"R","GT3","T",4,4,"teacher","services","other","father",37,76,0,"no","yes","yes","yes","yes","yes","yes","no",4,82,3,1,2,5,4,12,13,13
"358","MS","F",17,"U","LE3","A",3,2,"services","other","reputation","mother",5,28,0,"no","no","no","no","yes","yes","no","yes",1,46,3,1,2,5,2,12,12,11
"359","MS","M",18,"U","LE3","T",1,1,"other","services","home","father",31,64,0,"no","no","no","no","no","yes","yes","yes",3,31,2,1,2,3,4,10,10,10
"360","MS","F",18,"U","LE3","T",1,1,"at_home","services","course","father",43,53,0,"no","no","no","no","yes","yes","yes","no",5,4,2,1,1,4,0,18,16,16
"361","MS","F",18,"R","LE3","A",1,4,"at_home","other","course","mother",11,96,0,"no","no","no","no","yes","yes","no","yes",4,55,4,1,4,5,0,13,13,13
"362","MS","M",18,"R","LE3","T",1,1,"at_home","other","other","mother",96,65,1,"no","no","no","yes","no","no","no","no",4,90,3,2,3,5,2,13,12,12
"363","MS","F",18,"U","GT3","T",3,3,"services","services","other","mother",73,90,0,"no","yes","no","no","yes","yes","yes","yes",4,1,2,1,3,3,0,11,11,10
"364","MS","F",17,"U","LE3","T",4,4,"at_home","at_home","course","mother",75,37,0,"no","yes","yes","yes","yes","yes","yes","yes",2,36,4,1,1,1,0,16,15,15
"365","MS","F",17,"R","GT3","T",1,2,"other","services","course","father",99,25,0,"no","no","no","no","no","yes","no","no",3,11,2,1,2,3,0,12,11,12
"366","MS","M",18,"R","GT3","T",1,3,"at_home","other","course","mother",11,67,0,"no","yes","yes","no","yes","yes","no","no",3,31,4,2,4,3,4,10,10,10
"367","MS","M",18,"U","LE3","T",4,4,"teacher","services","other","mother",82,46,0,"no","no","yes","no","yes","yes","yes","yes",4,98,2,2,2,5,0,13,13,13
"368","MS","F",17,"R","GT3","T",1,1,"other","services","reputation","mother",88,38,1,"no","yes","yes","no","yes","yes","yes","yes",5,45,1,1,2,1,0,7,6,0
"369","MS","F",18,"U","GT3","T",2,3,"at_home","services","course","father",32,29,0,"no","yes","yes","no","yes","yes","yes","yes",5,10,3,1,2,4,0,11,10,10
"370","MS","F",18,"R","GT3","T",4,4,"other","teacher","other","father",27,69,0,"no","yes","yes","no","no","yes","yes","yes",3,79,2,4,2,5,10,14,12,11
"371","MS","F",19,"U","LE3","T",3,2,"services","services","home","other",24,83,2,"no","no","no","yes","yes","yes","no","yes",3,26,2,1,1,3,4,7,7,9
"372","MS","M",18,"R","LE3","T",1,2,"at_home","services","other","father",63,50,0,"no","yes","yes","yes","yes","no","yes","yes",4,15,3,2,3,3,3,14,12,12
"373","MS","F",17,"U","GT3","T",2,2,"other","at_home","home","mother",59,19,0,"no","no","no","yes","yes","yes","no","yes",3,42,3,1,1,3,8,13,11,11
"374","MS","F",17,"R","GT3","T",1,2,"other","other","course","mother",84,7,0,"no","no","no","yes","yes","yes","yes","no",3,26,5,1,3,1,14,6,5,5
"375","MS","F",18,"R","LE3","T",4,4,"other","other","reputation","mother",64,27,0,"no","no","no","no","yes","yes","yes","no",5,53,4,1,1,1,0,19,18,19
"376","MS","F",18,"R","GT3","T",1,1,"other","other","home","mother",23,5,0,"no","no","no","no","yes","yes","yes","no",4,90,2,1,2,4,2,8,8,10
"377","MS","F",20,"U","GT3","T",4,2,"health","other","course","other",25,28,2,"no","yes","yes","no","no","yes","yes","yes",5,50,3,1,1,3,4,15,14,15
"378","MS","F",18,"R","LE3","T",4,4,"teacher","services","course","mother",53,76,0,"no","no","yes","yes","yes","yes","yes","no",5,44,3,3,4,2,4,8,9,10
"379","MS","F",18,"U","GT3","T",3,3,"other","other","home","mother",71,88,0,"no","no","yes","no","yes","yes","yes","yes",4,73,3,1,2,1,0,15,15,15
"380","MS","F",17,"R","GT3","T",3,1,"at_home","other","reputation","mother",62,35,0,"no","yes","yes","yes","no","yes","yes","no",4,27,4,2,3,1,17,10,10,10
"381","MS","M",18,"U","GT3","T",4,4,"teacher","teacher","home","father",70,85,0,"no","no","yes","yes","no","yes","yes","no",3,58,4,1,4,2,4,15,14,14
"382","MS","M",18,"R","GT3","T",2,1,"other","other","other","mother",67,92,0,"no","no","no","yes","no","yes","yes","yes",4,99,3,1,3,5,5,7,6,7
"383","MS","M",17,"U","GT3","T",2,3,"other","services","home","father",91,19,0,"no","no","no","yes","yes","yes","yes","no",4,10,3,1,1,3,2,11,11,10
"384","MS","M",19,"R","GT3","T",1,1,"other","services","other","mother",65,34,1,"no","no","no","no","yes","yes","no","no",4,78,2,1,3,5,0,6,5,0
"385","MS","M",18,"R","GT3","T",4,2,"other","other","home","father",33,66,1,"no","no","yes","no","yes","yes","no","no",5,12,3,4,3,3,14,6,5,5
"386","MS","F",18,"R","GT3","T",2,2,"at_home","other","other","mother",46,47,0,"no","no","yes","no","yes","yes","no","no",5,85,3,1,3,4,2,10,9,10
"387","MS","F",18,"R","GT3","T",4,4,"teacher","at_home","reputation","mother",50,44,0,"no","yes","yes","yes","yes","yes","yes","yes",4,19,3,2,2,5,7,6,5,6
"388","MS","F",19,"R","GT3","T",2,3,"services","other","course","mother",95,11,1,"no","no","no","yes","no","yes","yes","no",5,71,2,1,2,5,0,7,5,0
"389","MS","F",18,"U","LE3","T",3,1,"teacher","services","course","mother",5,37,0,"no","yes","yes","no","yes","yes","yes","no",4,63,4,1,1,1,0,7,9,8
"390","MS","F",18,"U","GT3","T",1,1,"other","other","course","mother",50,16,1,"no","no","no","yes","yes","yes","no","no",1,97,1,1,1,5,0,6,5,0
"391","MS","M",20,"U","LE3","A",2,2,"services","services","course","other",33,44,2,"no","yes","yes","no","yes","yes","no","no",5,41,4,4,5,4,11,9,9,9
"392","MS","M",17,"U","LE3","T",3,1,"services","services","course","mother",1,85,0,"no","no","no","no","no","yes","yes","no",2,46,5,3,4,2,3,14,16,16
"393","MS","M",21,"R","GT3","T",1,1,"other","other","course","other",55,54,3,"no","no","no","no","no","yes","no","no",5,10,3,3,3,3,3,10,8,7
"394","MS","M",18,"R","LE3","T",3,2,"services","other","course","mother",44,56,0,"no","no","no","no","no","yes","yes","no",4,8,1,3,4,5,0,11,12,10
"395","MS","M",19,"U","LE3","T",1,1,"other","at_home","course","father",36,81,0,"no","no","no","no","yes","yes","yes","no",3,70,3,3,3,5,5,8,9,9
